{
"South America": {
"GDP_2012": 5397.9400000000005,
"POPULATION_2012": 488.52},"Oceania": {
"GDP_2012": 2796.06,
"POPULATION_2012": 46.95},"North America": {
"GDP_2012": 39877.03,
"POPULATION_2012": 944.4599999999999},"Asia": {
"GDP_2012": 44473.37,
"POPULATION_2012": 6623.680000000001},"Europe": {
"GDP_2012": 21402.28,
"POPULATION_2012": 538.79},"Africa": {
"GDP_2012": 714.6800000000001,
"POPULATION_2012": 107.2}}